1,../Client/db_neuronas/fasf/5.png
1,../Client/db_neuronas/fasf/7.png
1,../Client/db_neuronas/fasf/4.png
1,../Client/db_neuronas/fasf/0.png
1,../Client/db_neuronas/fasf/6.png
1,../Client/db_neuronas/fasf/1.png
1,../Client/db_neuronas/fasf/3.png
1,../Client/db_neuronas/fasf/2.png
2,../Client/db_neuronas/asf/2.png
2,../Client/db_neuronas/asf/1.png
2,../Client/db_neuronas/asf/3.png
2,../Client/db_neuronas/asf/5.png
2,../Client/db_neuronas/asf/0.png
2,../Client/db_neuronas/asf/4.png
2,../Client/db_neuronas/asf/7.png
2,../Client/db_neuronas/asf/6.png
3,../Client/db_neuronas/jose_follert/1.png
3,../Client/db_neuronas/jose_follert/0.png
3,../Client/db_neuronas/jose_follert/2.png
3,../Client/db_neuronas/jose_follert/5.png
3,../Client/db_neuronas/jose_follert/6.png
3,../Client/db_neuronas/jose_follert/3.png
3,../Client/db_neuronas/jose_follert/7.png
3,../Client/db_neuronas/jose_follert/4.png
4,../Client/db_neuronas/josep_smith/7.png
4,../Client/db_neuronas/josep_smith/0.png
4,../Client/db_neuronas/josep_smith/4.png
4,../Client/db_neuronas/josep_smith/5.png
4,../Client/db_neuronas/josep_smith/6.png
4,../Client/db_neuronas/josep_smith/2.png
4,../Client/db_neuronas/josep_smith/1.png
4,../Client/db_neuronas/josep_smith/3.png
5,../Client/db_neuronas/andres_navarro/2.png
5,../Client/db_neuronas/andres_navarro/3.png
5,../Client/db_neuronas/andres_navarro/4.png
5,../Client/db_neuronas/andres_navarro/7.png
5,../Client/db_neuronas/andres_navarro/6.png
5,../Client/db_neuronas/andres_navarro/0.png
5,../Client/db_neuronas/andres_navarro/5.png
5,../Client/db_neuronas/andres_navarro/1.png
6,../Client/db_neuronas/kalashnikov_brithasko/7.png
6,../Client/db_neuronas/kalashnikov_brithasko/5.png
6,../Client/db_neuronas/kalashnikov_brithasko/1.png
6,../Client/db_neuronas/kalashnikov_brithasko/6.png
6,../Client/db_neuronas/kalashnikov_brithasko/3.png
6,../Client/db_neuronas/kalashnikov_brithasko/0.png
6,../Client/db_neuronas/kalashnikov_brithasko/2.png
6,../Client/db_neuronas/kalashnikov_brithasko/4.png
